,_id,Default_ID,message_ID,_from,to_Address,cc_Address,bcc_Address,Subject,body_Preview,body_content,received_DateTIME,Attachment_ID,XML_ID,predicted_tags,drugs,predicted_tags_Attachmets,body_clean,socialMedia_AELabels,symtoms_SM,Medramapping_SM,seriousness_Criteria_SM,XML_SM_ID,Sucar_Case,e_id,assigned_to,stats,action,is_assigned,is_active,scenario,receipts,SocialNumber,Location_Names,Person_Names
0,62a8086009a51ce66f208f29,"W/""CQAAABYAAAD95sdBJns4QKBcqDrofMOAAABWD8SB""",AAMkADk2MTNjNDA1LTAxMGMtNDg5OC1hODJjLTI4OTUzMmEwNGRjZgBGAAAAAACZWAOGv5h5Sr0QRFdzsCgGBwD95sdBJns4QKBcqDrofMOAAAAAAAEMAAD95sdBJns4QKBcqDrofMOAAABWM6S5AAA=,rajkumar.natarajan@3analytics.com,['DrugInbox@3analytics.com'],[],[],testing,"Hi,
We need urgent basis 6 dose for paracetamol injection in delhi We are attached all document for your ref. Plz check & confirm where from we pick / get in delhi We need before afternoon this injection Waiting for prompt action & reply

Thanks","<html><head>
<meta http-equiv=""Content-Type"" content=""text/html; charset=utf-8""><meta name=""Generator"" content=""Microsoft Word 15 (filtered medium)""><style>
<!--
@font-face
	{font-family:""Cambria Math""}
@font-face
	{font-family:Calibri}
p.MsoNormal, li.MsoNormal, div.MsoNormal
	{margin:0cm;
	font-size:11.0pt;
	font-family:""Calibri"",sans-serif}
span.EmailStyle17
	{font-family:""Calibri"",sans-serif;
	color:windowtext}
.MsoChpDefault
	{font-family:""Calibri"",sans-serif}
@page WordSection1
	{margin:72.0pt 72.0pt 72.0pt 72.0pt}
div.WordSection1
	{}
-->
</style></head><body lang=""EN-IN"" link=""#0563C1"" vlink=""#954F72"" style=""word-wrap:break-word""><div class=""WordSection1""><p class=""MsoNormal"">Hi,</p><p class=""MsoNormal"">We need urgent basis 6 dose for paracetamol injection in delhi We are attached all document for your ref. Plz check &amp; confirm where from we pick / get in delhi We need before afternoon this injection Waiting for prompt action &amp; reply</p><p class=""MsoNormal"">&nbsp;</p><p class=""MsoNormal"">Thanks</p><p class=""MsoNormal""><span style="""">&nbsp;</span></p></div></body></html>",2022-06-14T04:02:18Z,,62a8084e09a51ce66f208f27,['MI'],paracetamol 6 to 12 years paracetamol 48mg/ml oral liquid,['No Attachment Available'],We need urgent basis 6 dose for paracetamol injection in delhi We are attached all document for your ref. Plz check & confirm where from we pick / get in delhi We need before afternoon this injection Waiting for prompt action & reply,[0],['No AE'],"-,-",False,['XML CREATED'],No,62a8084e09a51ce66f208f27,,unassigned,,False,True,None,0,[],"[delhi, delhi]",[]
1,62a80b1f09a51ce66f208f2f,"W/""CQAAABYAAAD95sdBJns4QKBcqDrofMOAAABWD8TE""",AAMkADk2MTNjNDA1LTAxMGMtNDg5OC1hODJjLTI4OTUzMmEwNGRjZgBGAAAAAACZWAOGv5h5Sr0QRFdzsCgGBwD95sdBJns4QKBcqDrofMOAAAAAAAEMAAD95sdBJns4QKBcqDrofMOAAABWM6S6AAA=,rajkumar.natarajan@3analytics.com,['DrugInbox@3analytics.com'],[],[],want to return medicine,"hi ,
I ordered the cipla favipiravir paracetamol 400 mg from pahrmeasy.  But the medicine i got on which the #expirey date has been changed manually . i want to return that asap . how they play with customer and patient life. i attached pics of medicine","<html><head>
<meta http-equiv=""Content-Type"" content=""text/html; charset=utf-8""><meta name=""Generator"" content=""Microsoft Word 15 (filtered medium)""><style>
<!--
@font-face
	{font-family:""Cambria Math""}
@font-face
	{font-family:Calibri}
p.MsoNormal, li.MsoNormal, div.MsoNormal
	{margin:0cm;
	font-size:11.0pt;
	font-family:""Calibri"",sans-serif}
span.EmailStyle17
	{font-family:""Calibri"",sans-serif;
	color:windowtext}
.MsoChpDefault
	{font-family:""Calibri"",sans-serif}
@page WordSection1
	{margin:72.0pt 72.0pt 72.0pt 72.0pt}
div.WordSection1
	{}
-->
</style></head><body lang=""EN-IN"" link=""#0563C1"" vlink=""#954F72"" style=""word-wrap:break-word""><div class=""WordSection1""><p class=""MsoNormal"">hi , </p><p class=""MsoNormal"">I ordered the cipla favipiravir paracetamol 400 mg from pahrmeasy.&nbsp; But the medicine i got on which the #expirey date has been changed manually . i want to return that asap . how they play with customer and patient life. i attached pics of medicine</p></div></body></html>",2022-06-14T04:13:59Z,62a80b0a09a51ce66f208f2b,62a80b0b09a51ce66f208f2d,['AE'],paracetamol,['AE'],I ordered the cipla favipiravir paracetamol 400 mg from pahrmeasy.Â  But the medicine i got on which the #expirey date has been changed manually . i want to return that asap . how they play with customer and patient life. i attached pics of medicine,[0],['No AE'],"-,-",False,['XML CREATED'],No,62a80b0b09a51ce66f208f2d,,unassigned,,False,True,None,0,[],[pahrmeasy],[]
2,62a80c0309a51ce66f208f32,"W/""CQAAABYAAAD95sdBJns4QKBcqDrofMOAAABWD8UE""",AAMkADk2MTNjNDA1LTAxMGMtNDg5OC1hODJjLTI4OTUzMmEwNGRjZgBGAAAAAACZWAOGv5h5Sr0QRFdzsCgGBwD95sdBJns4QKBcqDrofMOAAAAAAAEMAAD95sdBJns4QKBcqDrofMOAAABWM6S7AAA=,rajkumar.natarajan@3analytics.com,['DrugInbox@3analytics.com'],[],[],having side effects,"Hi ,
I am having fever and red eyes for the past 10 days after taking paracetamol 500mg.

Thanks
Rajkumar","<html><head>
<meta http-equiv=""Content-Type"" content=""text/html; charset=utf-8""><meta name=""Generator"" content=""Microsoft Word 15 (filtered medium)""><style>
<!--
@font-face
	{font-family:""Cambria Math""}
@font-face
	{font-family:Calibri}
p.MsoNormal, li.MsoNormal, div.MsoNormal
	{margin:0cm;
	font-size:11.0pt;
	font-family:""Calibri"",sans-serif}
span.EmailStyle17
	{font-family:""Calibri"",sans-serif;
	color:windowtext}
.MsoChpDefault
	{font-family:""Calibri"",sans-serif}
@page WordSection1
	{margin:72.0pt 72.0pt 72.0pt 72.0pt}
div.WordSection1
	{}
-->
</style></head><body lang=""EN-IN"" link=""#0563C1"" vlink=""#954F72"" style=""word-wrap:break-word""><div class=""WordSection1""><p class=""MsoNormal"">Hi , </p><p class=""MsoNormal"">I am having fever and red eyes for the past 10 days after taking paracetamol 500mg.</p><p class=""MsoNormal"">&nbsp;</p><p class=""MsoNormal"">Thanks</p><p class=""MsoNormal"">Rajkumar</p></div></body></html>",2022-06-14T04:17:51Z,,62a80bf009a51ce66f208f30,['JUNK'],paracetamol 6 to 12 years paracetamol 48mg/ml oral liquid,['No Attachment Available'],I am having fever and red eyes for the past 10 days after taking paracetamol 500mg.,[1],"['eyes', 'fever']","[10005169, 10039085],['better eye: moderate vision impairment; unqualified visual loss, both eyes', 'allergic rhinitis (excl hay fever)']",False,['XML CREATED'],No,62a80bf009a51ce66f208f30,,unassigned,,False,True,None,0,[],[],[]
3,62a80cf709a51ce66f208f38,"W/""CQAAABYAAAD95sdBJns4QKBcqDrofMOAAABWD8Us""",AAMkADk2MTNjNDA1LTAxMGMtNDg5OC1hODJjLTI4OTUzMmEwNGRjZgBGAAAAAACZWAOGv5h5Sr0QRFdzsCgGBwD95sdBJns4QKBcqDrofMOAAAAAAAEMAAD95sdBJns4QKBcqDrofMOAAABWM6S8AAA=,rajkumar.natarajan@3analytics.com,['DrugInbox@3analytics.com'],[],[],having side effects,"Hi ,
I am having fever and red eyes for the past 10 days after taking paracetamol 500mg.

Thanks
Rajkumar","<html><head>
<meta http-equiv=""Content-Type"" content=""text/html; charset=utf-8""><meta name=""Generator"" content=""Microsoft Word 15 (filtered medium)""><style>
<!--
@font-face
	{font-family:""Cambria Math""}
@font-face
	{font-family:Calibri}
p.MsoNormal, li.MsoNormal, div.MsoNormal
	{margin:0cm;
	font-size:11.0pt;
	font-family:""Calibri"",sans-serif}
span.EmailStyle17
	{font-family:""Calibri"",sans-serif;
	color:windowtext}
.MsoChpDefault
	{font-family:""Calibri"",sans-serif}
@page WordSection1
	{margin:72.0pt 72.0pt 72.0pt 72.0pt}
div.WordSection1
	{}
-->
</style></head><body lang=""EN-IN"" link=""#0563C1"" vlink=""#954F72"" style=""word-wrap:break-word""><div class=""WordSection1""><p class=""MsoNormal"">Hi , </p><p class=""MsoNormal"">I am having fever and red eyes for the past 10 days after taking paracetamol 500mg.</p><p class=""MsoNormal"">&nbsp;</p><p class=""MsoNormal"">Thanks</p><p class=""MsoNormal"">Rajkumar</p><p class=""MsoNormal"">&nbsp;</p></div></body></html>",2022-06-14T04:21:51Z,62a80ce309a51ce66f208f34,62a80ce409a51ce66f208f36,['JUNK'],paracetamol 6 to 12 years paracetamol 48mg/ml oral liquid,['AE'],I am having fever and red eyes for the past 10 days after taking paracetamol 500mg.,[1],"['eyes', 'fever']","[10005169, 10039085],['better eye: moderate vision impairment; unqualified visual loss, both eyes', 'allergic rhinitis (excl hay fever)']",False,['XML CREATED'],No,62a80ce409a51ce66f208f36,,unassigned,,False,True,None,0,[],[],[]
4,62a80e8f09a51ce66f208f3e,"W/""CQAAABYAAAD95sdBJns4QKBcqDrofMOAAABWD8V3""",AAMkADk2MTNjNDA1LTAxMGMtNDg5OC1hODJjLTI4OTUzMmEwNGRjZgBGAAAAAACZWAOGv5h5Sr0QRFdzsCgGBwD95sdBJns4QKBcqDrofMOAAAAAAAEMAAD95sdBJns4QKBcqDrofMOAAABWM6S9AAA=,rajkumar.natarajan@3analytics.com,['DrugInbox@3analytics.com'],[],[],Facing side effects,"Hi ,
I am having fever and red eyes for the past 10 days after taking paracetamol 500mg.

Thanks
Rajkumar","<html><head>
<meta http-equiv=""Content-Type"" content=""text/html; charset=utf-8""><meta name=""Generator"" content=""Microsoft Word 15 (filtered medium)""><style>
<!--
@font-face
	{font-family:""Cambria Math""}
@font-face
	{font-family:Calibri}
p.MsoNormal, li.MsoNormal, div.MsoNormal
	{margin:0cm;
	font-size:11.0pt;
	font-family:""Calibri"",sans-serif}
span.EmailStyle17
	{font-family:""Calibri"",sans-serif;
	color:windowtext}
.MsoChpDefault
	{font-family:""Calibri"",sans-serif}
@page WordSection1
	{margin:72.0pt 72.0pt 72.0pt 72.0pt}
div.WordSection1
	{}
-->
</style></head><body lang=""EN-IN"" link=""#0563C1"" vlink=""#954F72"" style=""word-wrap:break-word""><div class=""WordSection1""><p class=""MsoNormal"">Hi , </p><p class=""MsoNormal"">I am having fever and red eyes for the past 10 days after taking paracetamol 500mg.</p><p class=""MsoNormal"">&nbsp;</p><p class=""MsoNormal"">Thanks</p><p class=""MsoNormal"">Rajkumar</p><p class=""MsoNormal"">&nbsp;</p></div></body></html>",2022-06-14T04:28:39Z,62a80e7b09a51ce66f208f3a,62a80e7c09a51ce66f208f3c,['AE'],paracetamol 6 to 12 years paracetamol 48mg/ml oral liquid,['AE'],I am having fever and red eyes for the past 10 days after taking paracetamol 500mg.,[1],"['eyes', 'fever']","[10005169, 10039085],['better eye: moderate vision impairment; unqualified visual loss, both eyes', 'allergic rhinitis (excl hay fever)']",False,['XML CREATED'],No,62a80e7c09a51ce66f208f3c,,unassigned,,False,True,None,0,[],[],[]
5,62a80fe509a51ce66f208f44,"W/""CQAAABYAAAD95sdBJns4QKBcqDrofMOAAABWD8W1""",AAMkADk2MTNjNDA1LTAxMGMtNDg5OC1hODJjLTI4OTUzMmEwNGRjZgBGAAAAAACZWAOGv5h5Sr0QRFdzsCgGBwD95sdBJns4QKBcqDrofMOAAAAAAAEMAAD95sdBJns4QKBcqDrofMOAAABWM6S_AAA=,rajkumar.natarajan@3analytics.com,['DrugInbox@3analytics.com'],[],[],having side effect,"Hi ,
I am having fever and red eyes for the past 10 days after taking paracetamol 500mg.

Thanks
Rajkumar","<html><head>
<meta http-equiv=""Content-Type"" content=""text/html; charset=utf-8""><meta name=""Generator"" content=""Microsoft Word 15 (filtered medium)""><style>
<!--
@font-face
	{font-family:""Cambria Math""}
@font-face
	{font-family:Calibri}
p.MsoNormal, li.MsoNormal, div.MsoNormal
	{margin:0cm;
	font-size:11.0pt;
	font-family:""Calibri"",sans-serif}
span.EmailStyle17
	{font-family:""Calibri"",sans-serif;
	color:windowtext}
.MsoChpDefault
	{font-family:""Calibri"",sans-serif}
@page WordSection1
	{margin:72.0pt 72.0pt 72.0pt 72.0pt}
div.WordSection1
	{}
-->
</style></head><body lang=""EN-IN"" link=""#0563C1"" vlink=""#954F72"" style=""word-wrap:break-word""><div class=""WordSection1""><p class=""MsoNormal"">Hi , </p><p class=""MsoNormal"">I am having fever and red eyes for the past 10 days after taking paracetamol 500mg.</p><p class=""MsoNormal"">&nbsp;</p><p class=""MsoNormal"">Thanks</p><p class=""MsoNormal"">Rajkumar</p><p class=""MsoNormal""><span style="""">&nbsp;</span></p></div></body></html>",2022-06-14T04:34:24Z,62a80fd209a51ce66f208f40,62a80fd309a51ce66f208f42,['AE'],paracetamol 6 to 12 years paracetamol 48mg/ml oral liquid,['AE'],I am having fever and red eyes for the past 10 days after taking paracetamol 500mg.,[1],"['eyes', 'fever']","[10005169, 10039085],['better eye: moderate vision impairment; unqualified visual loss, both eyes', 'allergic rhinitis (excl hay fever)']",False,['XML CREATED'],No,62a80fd309a51ce66f208f42,,unassigned,,False,True,None,0,[],[],[]
